"Country Name","Country Code","Indicator Name","Indicator Code","1960","1961","1962","1963","1964","1965","1966","1967","1968","1969","1970","1971","1972","1973","1974","1975","1976","1977","1978","1979","1980","1981","1982","1983","1984","1985","1986","1987","1988","1989","1990","1991","1992","1993","1994","1995","1996","1997","1998","1999","2000","2001","2002","2003","2004","2005","2006","2007","2008","2009","2010","2011","2012","2013","2014","2015","2016","2017","2018","2019",
"Aruba","ABW","Children out of school, primary, female","SE.PRM.UNER.FE","","","","","","","","","","","","","","","","","","","","","","","","","","","","","","","","","","","","","","","","42","76","","99","209","172","137","","","","72","","","","","","","","","","",
"Afghanistan","AFG","Children out of school, primary, female","SE.PRM.UNER.FE","","","","","","","","","","","","","","","888979","","","","","","","","","","","","","","","","","","","1117896","","","","","","","","","","","","","","","","","","","","","","","","","","",
"Angola","AGO","Children out of school, primary, female","SE.PRM.UNER.FE","","","","","","","","","","","","","","","","","","","","","","","312168","340548","","","","","","","","","","","","","","","547483","","","","","","","","","","441734","482195","515304","603347","","","","","","","","",
"Albania","ALB","Children out of school, primary, female","SE.PRM.UNER.FE","","","","","","","","","","","","","","","","","","","","","","","","","","","","","","","","","","","","","","","","5388","6087","7116","","9401","9413","","","","10593","15309","13152","10446","6331","2626","","","","","","",
"Andorra","AND","Children out of school, primary, female","SE.PRM.UNER.FE","","","","","","","","","","","","","","","","","","","","","","","","","","","","","","","","","","","","","","","","","","","","","","","","","","","","","","","","","","","","",
"Arab World","ARB","Children out of school, primary, female","SE.PRM.UNER.FE","","","","","","","","","","","5905815","6063730","6067089","6085335","6170343","6100441","6043973","6061706","6109627","5955084","5876623","5911581","5932543","5927679","5865642","5883381","5825833","5748329","5713071","5846451","5645290","5703458","6487663","6492513","6022761","6380693","5855688","5839722","5756802","5409385","5200118","4937512","4717368","4474753","4378523","4337088","4255226","4086934","3730294","3692566","3443734","3500926","3386475","3629872","3722313","3815101","3742342","3782476","3795501","",
"United Arab Emirates","ARE","Children out of school, primary, female","SE.PRM.UNER.FE","","","","","","","","","","","","","","","","","","","6639","","9882","13009","12046","16603","18424","20271","21205","14277","12561","8723","4864","4306","8865","11412","13883","14070","17905","23475","23301","","","","","","","","","6768","","","","","8360","9395","","","","","","",
"Argentina","ARG","Children out of school, primary, female","SE.PRM.UNER.FE","","","","","","","","","","","61145","","","","60719","65236","","","","","","","","","","","","","","","","91413","","","","","","","","","","","","","","","","","","","","","","","","","","","","",
"Armenia","ARM","Children out of school, primary, female","SE.PRM.UNER.FE","","","","","","","","","","","","","","","","","","","","","","","","","","","","","","","","","","","","","","","","","","","9731","10537","","6449","3807","843","","","","2718","2023","2029","3779","4509","5293","5837","5376","",
"American Samoa","ASM","Children out of school, primary, female","SE.PRM.UNER.FE","","","","","","","","","","","","","","","","","","","","","","","","","","","","","","","","","","","","","","","","","","","","","","","","","","","","","","","","","","","","",
"Antigua and Barbuda","ATG","Children out of school, primary, female","SE.PRM.UNER.FE","","","","","","","","","","","","","","","","","","","","","","","","","","","","","","","","","","","","","","","","","","","","","","","","","","","","","203","","257","25","","62","","",
"Australia","AUS","Children out of school, primary, female","SE.PRM.UNER.FE","","","","","","","","","","","","24653","","32417","36670","18435","12017","","","","","","7160","15799","28182","25412","19271","14511","9345","8656","12488","17077","19042","22514","24803","41741","37225","39559","37164","37900","36303","","","8347","5679","","","","","","","17865","15723","","","","","3169","","",
"Austria","AUT","Children out of school, primary, female","SE.PRM.UNER.FE","","","","","","","","","","","","","","","","","","","","","","","","","","","","","","8780","","","","","","","","","","","575","2379","6109","6583","5280","4190","4754","4647","5132","4149","4020","4632","2802","1822","985","521","186","","","",
"Azerbaijan","AZE","Children out of school, primary, female","SE.PRM.UNER.FE","","","","","","","","","","","","","","","","","","","","","","","","","","","","","","","","11600","10477","14909","46304","24923","9526","39833","44900","17522","31351","41033","42625","52165","43360","45478","44302","34881","34147","31015","31744","26499","20869","8359","","","","3367","12040","",
"Burundi","BDI","Children out of school, primary, female","SE.PRM.UNER.FE","","","","","","","","","","","","","","253787","","","","","266579","","269007","266974","265282","254591","247334","240899","238882","227991","223072","","","","","270428","","","","","","","379435","337296","346749","326012","308408","288199","172748","123886","52720","56630","22811","","","","","","","23181","44430","",
"Belgium","BEL","Children out of school, primary, female","SE.PRM.UNER.FE","","","","","","","","","","","","","","","","","","15363","","8580","6271","9903","10193","20181","21920","22787","17518","11608","6853","","","7219","12757","7103","9591","9818","8279","","","","2296","","1097","4707","9624","11020","10091","6391","4197","4870","5554","4954","4281","4458","5247","4338","3382","1098","","",
"Benin","BEN","Children out of school, primary, female","SE.PRM.UNER.FE","","","","","","","","","","","","","","","","","","","","","","","","","222597","227773","238281","","255703","262661","296299","","290085","285448","284325","281208","276360","266790","","","","","","","","","142666","","114582","","","","","","","","","","","",
"Burkina Faso","BFA","Children out of school, primary, female","SE.PRM.UNER.FE","","","","","","","","","","","","393490","399425","","","","","442517","452711","462512","469949","475804","481336","488702","499721","507583","513775","524553","540386","556506","","579038","592707","603560","613006","618482","","","633806","644300","649066","654131","676953","673131","668033","636175","611605","568163","509508","483694","544117","492485","487194","481710","479159","468549","390999","381641","353506","",
"Bangladesh","BGD","Children out of school, primary, female","SE.PRM.UNER.FE","","","","","","","","","","","3012322","","","2449992","","","","2426840","2524281","","","2579663","","3012611","2872564","3040693","3148406","3279336","2390162","2419283","2167110","","","","","","","","","","","","","","","","","","239896","","","","","","","","","","","",
"Bulgaria","BGR","Children out of school, primary, female","SE.PRM.UNER.FE","","","","","","","","","","","","","","","","","","","","","","","","","","","","","","","","","","","","","15242","11983","8082","5467","5986","5600","6262","5322","4110","5531","4163","","","","","","3047","5547","7251","10662","14626","","","",
"Bahrain","BHR","Children out of school, primary, female","SE.PRM.UNER.FE","","","","","","","","","","","","5982","5319","5033","5119","4639","5239","5468","5768","5392","4786","4802","5249","4501","3466","2111","1027","1012","557","328","","","610","370","315","22","","","","","","856","1261","1660","1977","3064","2025","","","","","3127","2987","2570","1667","555","254","","1155","",
"Bahamas, The","BHS","Children out of school, primary, female","SE.PRM.UNER.FE","","","","","","","","","","","","","","","","","","","","","","","","","","","","","","","","","1939","1791","","","","","","1667","","","","","1910","1681","2495","2385","2702","3230","3669","2197","3175","4426","4129","3529","4022","","","",
"Bosnia and Herzegovina","BIH","Children out of school, primary, female","SE.PRM.UNER.FE","","","","","","","","","","","","","","","","","","","","","","","","","","","","","","","","","","","","","","","","","","","","","","","","","","","","","","","","","","","","",
"Belarus","BLR","Children out of school, primary, female","SE.PRM.UNER.FE","","","","","","","","","","","","","","","","","","","","","","","","","","","","","","","","","","","","43582","","","","","","","","","","","","","","","","","","2692","4717","2580","1999","","4346","",
"Belize","BLZ","Children out of school, primary, female","SE.PRM.UNER.FE","","","","","","","","","","","","","","","","","","","","","","","","","","","","","","","","","","","","","","","","166","744","1298","","1093","696","1056","829","907","873","682","372","671","","279","","","","","","",
"Bermuda","BMU","Children out of school, primary, female","SE.PRM.UNER.FE","","","","","","","","","","","","","","","","","","","716","775","","","","","343","301","","","","","","","","","","","","","","","","","","","","","","","","","","65","200","","","","","","","",
"Bolivia","BOL","Children out of school, primary, female","SE.PRM.UNER.FE","","","","","","","","","","","","","","","","","","","","","","","","","","","","","","","","","","","","","","","","","","","","","","","","","","13792","33511","51045","73193","79376","81220","78221","70191","59300","","",
"Brazil","BRA","Children out of school, primary, female","SE.PRM.UNER.FE","","","","","","","","","","","","","","","","","","","","","","","","","","","","","","","","","","","","","","","","","","","","","450481","","","315725","","95884","","261214","","","","","","","","",
"Barbados","BRB","Children out of school, primary, female","SE.PRM.UNER.FE","","","","","","","","","","","","2736","2406","2034","","","282","","","","","742","1061","1004","","","","","","27","411","","1334","","","","","","","","298","354","788","790","840","872","586","213","102","227","166","458","","","641","396","151","432","248","",
"Brunei Darussalam","BRN","Children out of school, primary, female","SE.PRM.UNER.FE","","","","","","","","","","","","","","","","","","1444","1447","2791","2932","3421","3755","3650","3603","","3215","","","","","1860","1414","794","850","336","","","","","","","","","","","","","","","","","","","","","","","","",
"Bhutan","BTN","Children out of school, primary, female","SE.PRM.UNER.FE","","","","","","","","","","","","","","","","","","","26574","26722","","","","","","","","","","","","","","","","","","","26967","26600","24949","23411","","","","15987","13395","","9538","6873","5449","4698","3493","3766","","4030","4324","4437","3332","",
"Botswana","BWA","Children out of school, primary, female","SE.PRM.UNER.FE","","","","","","","","","","","29011","32259","32214","32065","29816","25132","22334","19720","20098","19611","16215","12147","","8288","8138","6431","6799","6563","6293","6309","6382","3579","5074","6317","6671","20746","20471","","16955","18778","17481","15646","15879","15685","16658","13688","13160","15454","17574","19173","","","15889","16398","16996","","","","","",
"Central African Republic","CAF","Children out of school, primary, female","SE.PRM.UNER.FE","","","","","","","","","","","","89209","88715","87410","","","","97640","100542","","","100715","101873","105894","","","97877","119301","125793","128637","116383","127417","","","","","","","","","","","","","","191659","195876","179703","155453","159802","154280","162133","153356","","","","","","","",
"Canada","CAN","Children out of school, primary, female","SE.PRM.UNER.FE","","","","","","","","","","","","","","","","","","","","","","","42952","47635","54304","54512","50305","50516","50656","55016","42881","20913","23836","47095","58382","68163","57977","","10482","","","","","","","","","","","","","","","","","","","","","",
"Central Europe and the Baltics","CEB","Children out of school, primary, female","SE.PRM.UNER.FE","","","","","","","","","","","","","","","","","","","","","","","","","","","","","","","","","","","","","","278099","183059","149620","187842","162984","161150","161512","156912","157224","149243","100539","93250","89522","79881","81353","77233","96273","107167","104343","115604","126323","167407","",
"Switzerland","CHE","Children out of school, primary, female","SE.PRM.UNER.FE","","","","","","","","","","","","","","","","","","68114","65864","","","58828","56934","55295","54383","53047","50809","46863","42291","37913","34248","32728","33234","35149","37549","25830","21281","","","","","","","","","","","","","","674","223","50","","","","","","","",
"Channel Islands","CHI","Children out of school, primary, female","SE.PRM.UNER.FE","","","","","","","","","","","","","","","","","","","","","","","","","","","","","","","","","","","","","","","","","","","","","","","","","","","","","","","","","","","","",
"Chile","CHL","Children out of school, primary, female","SE.PRM.UNER.FE","","","","","","","","","","","","","","","","","","","","","","","","","","","","","","","","","","","","","","","","","","","","","","","","27605","24250","33244","22012","26358","26979","29934","29876","28819","24200","18830","","",
"China","CHN","Children out of school, primary, female","SE.PRM.UNER.FE","","","","","","","","","","","","","","","","","","","","","","","","","","","","5644462","","3576938","","2947348","3318657","3877516","4769183","5804367","6687434","7254031","","","","","","","","","","","","","","","","","","","","","","",
"Cote d'Ivoire","CIV","Children out of school, primary, female","SE.PRM.UNER.FE","","","","","","","","","","","","","","","","","","323179","","","","","","","","","","","","","","","","","","","622093","631301","","646839","684776","645821","675121","713357","","","","","","821798","","","","620627","577381","518393","330089","289354","197509","",
"Cameroon","CMR","Children out of school, primary, female","SE.PRM.UNER.FE","","","","","","","","","","","","218021","225321","242102","255584","231021","228075","241626","243076","243803","249715","","","","","","","","281750","","311832","340266","","","","","","","","","","","","","","","","","","","","276427","","","","","176603","","","",
"Congo, Dem. Rep.","COD","Children out of school, primary, female","SE.PRM.UNER.FE","","","","","","","","","","","","731748","768819","","","764101","","","","814435","","","","812444","805814","","","","1129397","","","1311240","1392313","1472123","1527593","1473282","","","","2405236","","","","","","","","","","","","","","","","","","","","",
"Congo, Rep.","COG","Children out of school, primary, female","SE.PRM.UNER.FE","","","","","","","","","","","","","26335","","20661","","16348","","10952","10570","20642","22712","22113","21312","20664","","","","","","","","","","","","","","","","","","","","","119170","134265","","","","49400","","23491","","","","","","","",
"Colombia","COL","Children out of school, primary, female","SE.PRM.UNER.FE","","","","","","","","","","","","","","","","","","","","","","","","","","","575648","","","","","450690","","","","","","","","62143","67260","180420","165836","","56840","","","","","18281","51099","58574","98453","","","64430","76662","41597","32218","",
"Comoros","COM","Children out of school, primary, female","SE.PRM.UNER.FE","","","","","","","","","","","","","","","","","","","","","","","","","","","","9795","","","","","","","14168","","","","","19185","16865","","","","","","","11732","","","","","","7970","8261","","","9185","","",
"Cabo Verde","CPV","Children out of school, primary, female","SE.PRM.UNER.FE","","","","","","","","","","","","","","","","","","","","","","2813","3256","4094","2160","1511","1139","694","","","","","","","","","","","","","","899","1066","1290","1616","1271","791","1063","1365","1726","1937","2452","2288","2340","2348","2269","2505","2406","2238","",
"Costa Rica","CRI","Children out of school, primary, female","SE.PRM.UNER.FE","","","","","","","","","","","24582","","21093","19254","","16019","12122","","14262","16469","16358","15867","18813","","","25919","24855","25536","","26764","27305","26734","","","","","","","","","","","","","","","","","","","","","","767","4940","4147","2970","6898","","",
"Caribbean small states","CSS","Children out of school, primary, female","SE.PRM.UNER.FE","","","","","","","","","","","26138","26369","25068","24063","22072","30141","36016","26652","25553","25527","31137","28788","24248","21083","21844","22549","22911","18765","19443","13495","21093","31213","32848","37122","35680","33453","32373","31230","27141","25574","24366","26780","31380","31906","26246","27859","28834","27583","24906","27742","25431","23330","23672","25764","25195","21051","27351","30296","31813","",
"Cuba","CUB","Children out of school, primary, female","SE.PRM.UNER.FE","","","","","","","","","","","","","44589","40287","36146","","","","","","25101","38137","45025","44711","48230","56509","50630","39769","39130","36470","35347","36763","26013","22951","13063","13958","7274","9035","8383","5036","4244","","","7324","9618","12626","15072","14660","14582","7600","4931","5982","8010","8098","17890","21934","19937","15874","8272","",
"Curacao","CUW","Children out of school, primary, female","SE.PRM.UNER.FE","","","","","","","","","","","","","","","","","","","","","","","","","","","","","","","","","","","","","","","","","","","","","","","","","","","","","","","","","","","","",
"Cayman Islands","CYM","Children out of school, primary, female","SE.PRM.UNER.FE","","","","","","","","","","","","","","","","","","","","","","","","","","","","","","","","","","","","","","","","","","","","","","","","","","","","","","","","","","","","",
"Cyprus","CYP","Children out of school, primary, female","SE.PRM.UNER.FE","","","","","","","","","","","","7788","8085","7980","8190","10244","10940","11027","10567","10068","10113","9116","10047","10169","10187","9954","8518","7308","7058","7229","7572","7733","8670","715","1003","1217","1296","1138","","","511","588","294","226","277","","","","","","","","349","410","478","332","","","","",
"Czech Republic","CZE","Children out of school, primary, female","SE.PRM.UNER.FE","","","","","","","","","","","","","","","","","","","","","","","","","","","","","","","","","","","","","","","","","","","","","","","","","","","","1933","815","2005","1209","","","","","",
"Germany","DEU","Children out of school, primary, female","SE.PRM.UNER.FE","","","","","","","","","","","","","","","","","","","","","","","","","","","","","","","","","","","","","","","","","","","3121","3997","","","","","","","","","","1958","8186","","","","","",
"Djibouti","DJI","Children out of school, primary, female","SE.PRM.UNER.FE","","","","","","","","","","","","","","","","","","","","","","","","","","27350","28513","30715","32838","34628","35666","","36538","37650","38009","38653","40365","42483","","44801","44444","42620","41595","","39524","38600","36929","33170","24336","23047","","16202","","15875","12505","14802","16101","15192","15144","13985",
"Dominica","DMA","Children out of school, primary, female","SE.PRM.UNER.FE","","","","","","","","","","","","","","","","","502","426","","744","949","779","779","","","","","","","","","","","","","","","","","","","240","228","319","435","535","533","773","702","286","","","","","","","","","","",
"Denmark","DNK","Children out of school, primary, female","SE.PRM.UNER.FE","","","","","","","","","","","","","","","","","","","","","","9772","7881","3970","2261","2004","2739","1960","1592","3718","3781","2853","4380","5103","2270","2491","3122","","","","","","","","2330","2952","2056","674","1005","1404","2104","1835","1071","577","860","94","","","","",
"Dominican Republic","DOM","Children out of school, primary, female","SE.PRM.UNER.FE","","","","","","","","","","","","","","","","","","","","","","","","","","","","","","","","","","","","","","","","74663","68103","","46384","68161","79097","71930","75368","44256","65810","","42798","34746","41041","40239","49582","28587","26180","29807","","",
"Algeria","DZA","Children out of school, primary, female","SE.PRM.UNER.FE","","","","","","","","","","","","","","582530","552460","531203","510766","491441","479981","483753","477769","483418","499170","518503","513207","513823","496400","477061","461462","443549","436104","399297","372141","375754","367840","356793","356938","360209","","270586","245098","195238","161062","144165","123499","112526","103832","92229","62151","","","","","","","","","","","",
"East Asia & Pacific (excluding high income)","EAP","Children out of school, primary, female","SE.PRM.UNER.FE","","","","","","","","","","","","","","","","","","","","","","","","","","","11558111","7980171","6801571","5682646","6286382","5854045","5857426","6484905","7429688","8738466","9613434","10428751","8176325","5588961","5193909","4545405","4247735","4166480","4306515","4340878","4798779","3723134","3644082","3296797","3067736","2658828","2908231","2934140","2907676","3007877","3010058","2902904","2980617","",
"Early-demographic dividend","EAR","Children out of school, primary, female","SE.PRM.UNER.FE","","","","","","","","","","","40626136","41949040","41283416","39807920","40867552","39850864","39487688","38724776","40627208","41114184","40383484","39390828","38271524","37701092","37145840","37567696","37029336","38491944","37296936","35524556","37099828","36695752","36776680","36054672","34912172","35627768","34613784","34980816","34983776","33526792","30893420","29441200","28384840","22534806","20222980","18005274","16700533","13628625","12418687","12192675","11400000","10900000","10800000","10000000","10100000","10700000","10600000","10400000","10600000","",
"East Asia & Pacific","EAS","Children out of school, primary, female","SE.PRM.UNER.FE","","","","","","","","","","","","","","","","","","","","","","","","","","","12198264","8490303","7224177","6052906","6803028","6360039","6320771","6919355","7866624","9191170","10046564","10860386","8569739","5956305","5529430","4894949","4598850","4489047","4618298","4622965","5078649","3965082","3866674","3490162","3250157","2827452","3095060","3128695","3087604","3140169","3155630","3051831","3170772","",
"Europe & Central Asia (excluding high income)","ECA","Children out of school, primary, female","SE.PRM.UNER.FE","","","","","","","","","","","","","","","","","","","","","","","","","","","","","","","","","790106","969847","1026084","1109561","1082341","1175126","1082656","973492","983225","861136","707203","505725","486091","588713","606383","555947","462065","494053","423768","407544","423378","385144","421495","376698","384204","381765","423328","",
"Europe & Central Asia","ECS","Children out of school, primary, female","SE.PRM.UNER.FE","","","","","","","","","","","","","","2266342","2279555","2252560","2152617","2143268","2085566","2006376","2030373","2192855","2152476","2176994","1922339","1918635","1757288","1666289","1514988","1568816","1527240","1431559","1524341","1616756","1678987","1709382","1600790","1616709","1284970","1157279","1209134","1067770","952266","782766","795116","829447","835629","760851","631381","675881","597058","563561","548064","485046","559057","504009","515543","528231","645153","",
"Ecuador","ECU","Children out of school, primary, female","SE.PRM.UNER.FE","","","","","","","","","","","","104133","","108680","105317","109510","109850","95661","87482","72260","82140","","","","","","","","","","","","","","58190","54793","45160","25641","20865","22310","19040","6289","","","","11188","6355","","35869","","","","","","","","","","","",
"Egypt, Arab Rep.","EGY","Children out of school, primary, female","SE.PRM.UNER.FE","","","","","","","","","","","","1266100","1290590","1329260","","","","","1391874","","","","","","","","","","","","","","","","754701","","","659235","","647306","557079","499182","442636","393683","339797","","","","","","","","34210","","","","","","","",
"Euro area","EMU","Children out of school, primary, female","SE.PRM.UNER.FE","","","","","","","","","","","594031","600367","589076","608581","570490","559033","529650","534708","453181","404569","384475","384787","411312","456480","465216","455343","379919","344482","328380","316976","336756","350005","434602","399160","434300","368511","277499","231918","96339","119295","117253","103413","126961","136943","141340","76430","74316","59098","58906","63903","71722","55679","39881","44537","87468","81001","80460","96064","142284","",
"Eritrea","ERI","Children out of school, primary, female","SE.PRM.UNER.FE","","","","","","","","","","","","","","","","","","","","","","","","","","","","","","","","","115918","","117643","118796","117843","117467","","105110","92072","86806","71918","57129","46556","36483","31893","39915","46972","55380","64524","64243","64577","78569","87020","98115","","122508","","",
"Spain","ESP","Children out of school, primary, female","SE.PRM.UNER.FE","","","","","","","","","","","","84018","60898","49450","","","","","18355","13991","","","","","","","","","20223","9411","11621","","2417","","","","","","","","","","","","","","","","","","","","","","","","8845","31428","","",
"Estonia","EST","Children out of school, primary, female","SE.PRM.UNER.FE","","","","","","","","","","","","","","","","","","","","","","","","","","","","","","","","","","","","9043","6499","","","","","","","","323","546","654","","","","","","","566","856","927","1009","946","","",
"Ethiopia","ETH","Children out of school, primary, female","SE.PRM.UNER.FE","","","","","","","","","","","","","","","","","","","","","","","","","","","","2563803","2645201","2757744","","","","","3742921","3815895","3795928","","3681167","3623855","3481518","3322628","3280205","3331557","3233906","2646228","2404305","2121961","1793533","1828099","2023872","1793161","1697298","","1313512","1394680","","","","",
"European Union","EUU","Children out of school, primary, female","SE.PRM.UNER.FE","","","","","","","","","","","804919","807523","794842","843979","823463","827530","809601","831127","774945","752230","748607","791443","789811","839437","850473","876329","805461","744266","730171","755698","793024","828950","912061","806306","753115","674967","581514","484101","252278","249081","286812","261139","281274","293069","311200","242421","236841","209268","177610","190952","183140","168709","144998","143804","191156","178576","197205","229346","304364","",
"Fragile and conflict affected situations","FCS","Children out of school, primary, female","SE.PRM.UNER.FE","","","","","","","","","","","7893568","8100460","8216865","8110647","8318871","8289634","8244599","8317510","8463859","8326118","8145690","7975089","8276155","8220846","8292361","8522678","8518371","8956417","9041805","9492074","10124184","9538131","9886377","10073477","10176480","10390093","10900457","11336460","11931108","12270535","12277975","12068611","11730186","11257144","11065269","11022088","10642122","10486640","9783570","9852924","9722527","9609552","9199313","9418977","9122352","9387377","9304306","","9648515","",
"Finland","FIN","Children out of school, primary, female","SE.PRM.UNER.FE","","","","","","","","","","","","","","","","","","","","","","","","","","","","","","","","","","2480","2485","3132","2521","2269","1227","","","","833","2292","4210","4582","5205","3956","3444","3040","2531","2169","1295","1219","437","1074","1186","1900","","",
"Fiji","FJI","Children out of school, primary, female","SE.PRM.UNER.FE","","","","","","","","","","","","","","","","","","","","","","","","","","","","","","","","","1818","","1568","2269","3797","3561","2912","2946","2795","1031","","18","","","","","","293","","","","33","","598","","","","",
"France","FRA","Children out of school, primary, female","SE.PRM.UNER.FE","","","","","","","","","","","","45850","45890","","","","","113547","","18266","7067","","45421","83209","","93083","44284","","","","","","14815","41328","43495","21606","","187","","59589","64747","65122","65361","69571","67803","","","","8927","16082","25808","1185","249","6008","23727","8912","523","","","",
"Faroe Islands","FRO","Children out of school, primary, female","SE.PRM.UNER.FE","","","","","","","","","","","","","","","","","","","","","","","","","","","","","","","","","","","","","","","","","","","","","","","","","","","","","","","","","","","","",
"Micronesia, Fed. Sts.","FSM","Children out of school, primary, female","SE.PRM.UNER.FE","","","","","","","","","","","","","","","","","","","","","","","","","","","","","","","","","","","","","","","","","","","","","","","","","","","","","","","624","992","","","","",
"Gabon","GAB","Children out of school, primary, female","SE.PRM.UNER.FE","","","","","","","","","","","","","","","","","","","","","","","","","","","","","","","","","","","","","","8145","","","","","","","","","","","","","","","","","","","","","","",
"United Kingdom","GBR","Children out of school, primary, female","SE.PRM.UNER.FE","","","","","","","","","","","","49786","78201","104981","116187","113797","105345","95229","90258","83833","49174","49210","67598","101073","111461","127901","94145","35262","2727","","","32663","67827","","","","","","","","","","2324","","10892","","2236","41344","22984","40019","34458","35245","31808","8407","","","9850","13380","","",
"Georgia","GEO","Children out of school, primary, female","SE.PRM.UNER.FE","","","","","","","","","","","","","","","","","","","","","","","","","","","","","","","","","","","","14299","1431","","","","","","","","","","","","1239","3566","","2382","2086","","1445","","2369","","","",
"Ghana","GHA","Children out of school, primary, female","SE.PRM.UNER.FE","","","","","","","","","","","","","","","","","","","","","","","","","","","","","","","","","","","","","","","","615057","501598","586280","531871","546508","","495623","453927","375416","282802","279786","","143078","","","","","","33801","69192","",
"Gibraltar","GIB","Children out of school, primary, female","SE.PRM.UNER.FE","","","","","","","","","","","","","","","","","","","445","484","","508","461","","","","","","","","","","","","","","","","","","","","","","","","","","","","","","","","","","","","","",
"Guinea","GIN","Children out of school, primary, female","SE.PRM.UNER.FE","","","","","","","","","","","","","","","","","","","","","","","","","339313","343910","357944","375287","384553","397340","412371","416466","","","","","","","432812","429499","416957","402905","366781","350533","334664","324384","311432","301297","316704","313173","306176","269899","280701","272119","245629","","283090","","","",
"Gambia, The","GMB","Children out of school, primary, female","SE.PRM.UNER.FE","","","","","","","","","","","","30416","31345","32127","33122","33959","34705","33733","32930","33097","32563","30396","29676","28938","28329","28181","29198","","","","","","44670","44160","","","42988","","45001","37495","41532","42236","46423","41977","41276","44008","38669","36674","42196","","43864","44991","40820","42296","42828","33606","31082","27476","25341","",
"Guinea-Bissau","GNB","Children out of school, primary, female","SE.PRM.UNER.FE","","","","","","","","","","","","","","","","","","","","","","40734","39269","","42627","43921","","50200","52794","","","","","","","","","","","","59060","","","","","","","","","","34371","","","","","","","","","",
"Equatorial Guinea","GNQ","Children out of school, primary, female","SE.PRM.UNER.FE","","","","","","","","","","","","","","","","","","","","","","","","","","","","","","","","","","","12162","","","","","","14599","11777","13209","13697","","","","","29625","31484","33189","33818","34362","","","40811","","","","",
"Greece","GRC","Children out of school, primary, female","SE.PRM.UNER.FE","","","","","","","","","","","","35369","32337","26621","19186","16895","15079","17309","20723","26144","34921","27030","26727","22809","23254","24090","28335","39115","35476","37810","39541","39631","44831","50810","50556","38540","39507","34337","8754","6112","2299","6936","8496","9531","13240","16237","17337","16624","","","12672","11869","9630","8879","10887","8100","5398","3773","","",
"Grenada","GRD","Children out of school, primary, female","SE.PRM.UNER.FE","","","","","","","","","","","","","1843","","","","","197","","","479","768","1012","994","764","","","","","","","","","","","","","","","","","","","","","182","","","","","","","","","","","","","","",
"Greenland","GRL","Children out of school, primary, female","SE.PRM.UNER.FE","","","","","","","","","","","","","","","","","","","","","","","","","","","","","","","","","","","","","","","","","","","","","","","","","","","","","","","","","","","","",
"Guatemala","GTM","Children out of school, primary, female","SE.PRM.UNER.FE","","","","","","","","","","","261893","263501","266688","","273224","275657","","","287841","","","283586","305458","295625","","","","","","","","","","","","","","287433","","182725","161092","175089","144303","","101262","85342","68606","56736","57001","","","47044","82705","110081","132424","135842","142679","130208","117083","",
"Guam","GUM","Children out of school, primary, female","SE.PRM.UNER.FE","","","","","","","","","","","","","","","","","","","","","","","","","","","","","","","","","","","","","","","","","","","","","","","","","","","","","","","","","","","","",
"Guyana","GUY","Children out of school, primary, female","SE.PRM.UNER.FE","","","","","","","","","","","","8340","7533","","5478","","8081","5231","","7291","","","7002","","","","","","","","","4703","5960","6639","","5681","6338","","","","","","","4372","","","","","1181","4405","2547","","","","","","","","","",
"High income","HIC","Children out of school, primary, female","SE.PRM.UNER.FE","","","","","","","","","","","","","","","","4466122","4178719","3961733","3820943","3722331","2919548","2920766","2710630","2900101","3058376","3017119","2727526","2365216","2167731","2041094","2100088","2140299","2326392","2329953","2364160","2235683","2203220","2291948","1589728","1415240","1451408","1273693","1470801","1393252","1274084","983024","862463","723450","666494","726382","756126","829041","749883","738608","614268","575514","423060","435307","626411","",
"Hong Kong SAR, China","HKG","Children out of school, primary, female","SE.PRM.UNER.FE","","","","","","","","","","","","37691","33933","33222","28111","21832","15687","11387","11764","10503","1552","2640","3026","3544","5372","8351","","","","","","","","","","11654","13401","","","","","","","","","","","","","","","","","","","","","","","",
"Honduras","HND","Children out of school, primary, female","SE.PRM.UNER.FE","","","","","","","","","","","","","","","","","","","","75102","75998","","47506","41745","38691","","37593","","","","","56938","","53747","","","","","","","70949","","","51596","45964","74736","55027","90573","71440","79268","71625","71861","91963","109704","115585","117216","108883","99997","","",
"Heavily indebted poor countries (HIPC)","HPC","Children out of school, primary, female","SE.PRM.UNER.FE","","","","","","","","","","","","","12684187","12825158","13025471","12891154","12773726","12676531","12688969","12740396","12642303","12633098","13146766","13298869","13694787","14107062","14401082","15104314","15507346","16327797","17170776","17188958","18037844","18651600","18883802","19027368","19561568","19018952","19385276","19682808","19397060","18834228","17830796","17020840","16225544","15522169","14644206","14054007","12738581","12803474","13200000","12800000","12300000","12100000","11700000","12100000","12200000","12500000","13100000","",
"Croatia","HRV","Children out of school, primary, female","SE.PRM.UNER.FE","","","","","","","","","","","","","","","","","","","","","","","","","","","","","","","","","","","","","","","17909","8100","6445","2775","","","","","","","1234","7463","3419","1320","","","","","","","","",
"Haiti","HTI","Children out of school, primary, female","SE.PRM.UNER.FE","","","","","","","","","","","","","","","","","","","","","","262652","248224","233104","255840","244516","240128","287753","","","","","","","","","","274850","","","","","","","","","","","","","","","","","","","","","","",
"Hungary","HUN","Children out of school, primary, female","SE.PRM.UNER.FE","","","","","","","","","","","","","","","","","","","","","","","","","","","","","","","","","","","","","55106","33591","4573","4387","7518","5664","4580","7357","7800","6250","4630","6210","4002","2644","2814","4236","5242","5930","5612","5384","4349","5183","","",
"IBRD only","IBD","Children out of school, primary, female","SE.PRM.UNER.FE","","","","","","","","","","","47465132","49159708","48848836","44444848","43474696","41678164","41720720","44485324","50584480","51661168","50277744","48171048","47087624","45874308","44072908","40146836","35670312","33682996","31921992","29162528","29591720","29149052","29705592","29133002","28993760","30607882","30545230","31575728","29041386","24728920","22555978","21059914","20042738","14112751","12881336","11276022","10717802","8181117","6526245","6626928","6312337","6316834","6312810","6046975","6269247","6350157","6602815","6373489","6757515","",
"IDA & IBRD total","IBT","Children out of school, primary, female","SE.PRM.UNER.FE","","","","","","","","","","","73518032","76224632","75664928","70680216","69985936","67757760","67689128","70289608","76377624","76932528","75208352","72664008","71860304","71094560","69881184","67056864","63876168","63054080","61365232","59640100","61075360","60669744","61813072","61791384","62069420","64409888","65683968","66059716","63627772","59363588","56020952","53722520","51562916","43815148","41013144","38195640","37202272","33333576","31462564","31200656","31400000","30600000","30100000","29700000","29700000","30900000","31000000","31300000","31800000","",
"IDA total","IDA","Children out of school, primary, female","SE.PRM.UNER.FE","","","","","","","","","","","","","","","","","","","","","","","","","","","","","","","","","","","","","","","","","","","","","","","","","","","","","","","","","","","","",
"IDA blend","IDB","Children out of school, primary, female","SE.PRM.UNER.FE","","","","","","","","","","","","","","","","","","","","","","","","","","","","","","","","","","","","","","","11729061","11501705","11155690","11044573","11314562","10690293","10021442","9735915","10353957","9741989","10602255","10350278","10700000","10500000","10500000","10300000","10200000","10900000","10500000","10900000","10600000","",
"Indonesia","IDN","Children out of school, primary, female","SE.PRM.UNER.FE","","","","","","","","","","","","3159282","3143562","","3563307","3161883","2910305","","2075334","","","1664882","","","","","","428882","","482930","681490","797785","942065","1093031","1053103","1097050","1153082","1155963","","","","587215","643984","760439","869358","1075765","907992","643154","643027","568157","328856","169749","493411","801403","1010434","","1170613","973920","1073003","",
"IDA only","IDX","Children out of school, primary, female","SE.PRM.UNER.FE","","","","","","","","","","","18367238","19276906","18974756","18331948","18744952","18164302","17869842","17930878","17943246","17910652","17676682","17576188","18182844","18558808","18797880","19421872","19815882","20548284","20022794","20619098","21456112","21248326","21766392","22347600","22448820","22652600","22995596","22541702","22860236","23135912","22312080","21619064","20205820","19012120","18110384","17183816","16130580","15410561","14334257","14223743","14400000","13700000","13400000","13400000","13200000","13600000","13800000","14000000","14400000","",
"Isle of Man","IMN","Children out of school, primary, female","SE.PRM.UNER.FE","","","","","","","","","","","","","","","","","","","","","","","","","","","","","","","","","","","","","","","","","","","","","","","","","","","","","","","","","","","","",
"India","IND","Children out of school, primary, female","SE.PRM.UNER.FE","","","","","","","","","","","","18205184","","","","","","","","","","","","","","","","","","","17528824","","","","","","","","","","13084129","12716535","12555727","7100914","","","","2020305","1189120","1660706","1504393","1541334","1250998","862219","","","","","","",
"Not classified","INX","Children out of school, primary, female","SE.PRM.UNER.FE","","","","","","","","","","","","","","","","","","","","","","","","","","","","","","","","","","","","","","","","","","","","","","","","","","","","","","","","","","","","",
"Ireland","IRL","Children out of school, primary, female","SE.PRM.UNER.FE","","","","","","","","","","","","2727","4454","4053","6157","6290","6581","7003","6957","8487","10909","14701","19388","22843","","","25244","23920","21911","20539","19475","20816","22651","22990","22229","20873","18450","","","213","","17","","","","","","","","","","6473","","","","","","","","",
"Iran, Islamic Rep.","IRN","Children out of school, primary, female","SE.PRM.UNER.FE","","","","","","","","","","","","","","","","","","","","","","","","","736379","736459","720725","743917","723763","719636","537343","","372651","","","","","477932","","693141","620341","","190596","205984","138986","194384","169956","147115","","72094","99884","97115","66580","","","","","","","",
"Iraq","IRQ","Children out of school, primary, female","SE.PRM.UNER.FE","","","","","","","","","","","","492100","507398","518645","527650","530232","490797","474690","455250","214631","139800","133482","","192639","","235863","230935","216621","192736","233502","","","","398242","","","474120","","","296418","320777","","","","266535","","","284761","","","","","","","","","","","","",
"Iceland","ISL","Children out of school, primary, female","SE.PRM.UNER.FE","","","","","","","","","","","","","","","","","","","","","","","","","","","","","","","","","","","388","","226","165","117","","","","","418","707","672","476","225","57","","60","149","227","322","331","206","83","","","",
"Israel","ISR","Children out of school, primary, female","SE.PRM.UNER.FE","","","","","","","","","","","","","","","","","","","","","","","","","","","","","","","","","","","","","","","","","","","","","","","","","","","","","","","","","","","","",
"Italy","ITA","Children out of school, primary, female","SE.PRM.UNER.FE","","","","","","","","","","","","","","","","","18496","","","9923","","","","","","15299","","","","","","","","","","","29635","12533","","","","","","","","","","","","","","","","3212","13312","21264","29659","37168","","",
"Jamaica","JAM","Children out of school, primary, female","SE.PRM.UNER.FE","","","","","","","","","","","","","","","","6826","11563","10082","","3304","2645","3959","","1702","3735","5203","4893","4042","7971","1929","3830","6570","","13938","","","","","","14148","11828","11778","12430","14397","11484","","","","","","","","","","","11347","17858","18881","20612","",
"Jordan","JOR","Children out of school, primary, female","SE.PRM.UNER.FE","","","","","","","","","","","","","27917","20826","","","","","9598","9555","17604","21362","23300","28499","29868","25803","","","","","","","","","","","","","","31837","29180","","23513","18333","16507","22221","28915","41729","57265","","97823","116596","140392","149467","","","156042","137657","135554","",
"Japan","JPN","Children out of school, primary, female","SE.PRM.UNER.FE","","","","","","","","","","","","","","","","","","","","","","","","","","","","","","","","","","","","","","","","","","","","","","","","","","","","","","","","","","","","",
"Kazakhstan","KAZ","Children out of school, primary, female","SE.PRM.UNER.FE","","","","","","","","","","","","","","","","","","","","","","","","","","","","","","","","","","","","","","","","","28115","","353","","","","2202","5132","","","","","","","","","","","","",
"Kenya","KEN","Children out of school, primary, female","SE.PRM.UNER.FE","","","","","","","","","","","","","","","","","","","","","","","","","","","","","","","","","","","","","","","","1020381","937803","742355","916519","489850","560930","562811","611684","335695","451635","397818","","","620422","","","","","","","",
"Kyrgyz Republic","KGZ","Children out of school, primary, female","SE.PRM.UNER.FE","","","","","","","","","","","","","","","","","","","","","","","","","","","","","","","","","","","","","21933","","","13247","15365","14100","14347","14226","2398","8286","5899","7648","8496","9152","8074","8273","3743","","","","","","","",
"Cambodia","KHM","Children out of school, primary, female","SE.PRM.UNER.FE","","","","","","","","","","","","","","","","","","","","","","","","","","","","","","","","","","","","","","241608","221778","191402","126038","","","","","","55951","57223","65546","","66232","","","","51484","28714","65975","90079","91265","",
"Kiribati","KIR","Children out of school, primary, female","SE.PRM.UNER.FE","","","","","","","","","","","","","","","","","","","","","","","","","","59","80","297","","99","","","","","","","","","","","","","","","","","","","","","","","","","","","","","","",
"St. Kitts and Nevis","KNA","Children out of school, primary, female","SE.PRM.UNER.FE","","","","","","","","","","","","","","","","","","","","","","","","","","670","466","","","","","","","","","","","","","","","","","","","","","","166","","","","","","","","","","","",
"Korea, Rep.","KOR","Children out of school, primary, female","SE.PRM.UNER.FE","","","","","","","","","","","","156893","102598","119339","124407","104931","76089","94383","81412","35977","","","","","16256","27303","33832","6980","","","","","","","","","","","","","1629","28933","38019","26201","29175","","","","","3745","","","24441","58717","52945","18519","35711","32711","","",
"Kuwait","KWT","Children out of school, primary, female","SE.PRM.UNER.FE","","","","","","","","","","","","18196","17382","17248","18612","19425","19430","17417","14692","16572","16025","15397","14660","12448","11661","12162","13100","18044","20298","","","","51841","","25542","","9999","10758","","5674","5212","2833","825","","","4652","","","","","","","","","","","1146","8032","","",
"Latin America & Caribbean (excluding high income)","LAC","Children out of school, primary, female","SE.PRM.UNER.FE","","","","","","","","","","","3326640","3364350","3340526","3244194","3165367","3170645","3058329","2888193","2799731","2456833","2377916","2138196","2109200","2115181","2173729","2094099","2181561","2176784","2275456","2516312","2406365","2336264","2224461","2227856","2451320","2524390","2391365","2354844","1648008","1190110","1037965","1078794","1126263","1122370","1176433","717553","1009236","875842","649548","561264","679890","726717","710988","762226","836208","811653","795276","753974","908933","",
"Lao PDR","LAO","Children out of school, primary, female","SE.PRM.UNER.FE","","","","","","","","","","","","","","","","","","","","","","","","","","","","","","","","","138251","129421","122859","","121507","115905","107653","107027","106309","109797","107159","97508","92382","85569","78642","66927","55770","44641","27246","25916","25826","18398","16658","21968","26229","30978","35174","",
"Lebanon","LBN","Children out of school, primary, female","SE.PRM.UNER.FE","","","","","","","","","","","","","","","","","","","","","","","","","","","","","","","","","","","","","","","","","","","","","","","","","","","","","","","","","","","","",
"Liberia","LBR","Children out of school, primary, female","SE.PRM.UNER.FE","","","","","","","","","","","","","","","","","","","","","","","","","","","","","","","","","","","","","","","","115563","","","","","","","","","160123","","","","","","26071","40382","53338","77218","","",
"Libya","LBY","Children out of school, primary, female","SE.PRM.UNER.FE","","","","","","","","","","","","61692","47004","","","","","","24830","","","17178","","","","","","","","","","","","","","","","","","","","","","","","","","","","","","","","","","","","","","",
"St. Lucia","LCA","Children out of school, primary, female","SE.PRM.UNER.FE","","","","","","","","","","","","","","","","","","","","","","352","263","","","","","","","","476","","","","","","","","","","1259","1268","","","737","877","634","679","","","","","","","","","163","48","18","",
"Latin America & Caribbean","LCN","Children out of school, primary, female","SE.PRM.UNER.FE","","","","","","","","","","","3386786","3413134","3388772","3288809","3215815","3218814","3099422","2926566","2838324","2505093","2439896","2183540","2182065","2211852","2300880","2219127","2322570","2326319","2434530","2664363","2542036","2472452","2380064","2381414","2609718","2684602","2550188","2786854","1772438","1300520","1154603","1203431","1256676","1262818","1265386","798954","1081720","922965","695518","622133","726236","781769","767917","828579","910999","886836","883013","835331","1014139","",
"Least developed countries: UN classification","LDC","Children out of school, primary, female","SE.PRM.UNER.FE","","","","","","","","","","","17539608","18434466","18102544","17466420","17846108","17225100","16932360","16978842","16960448","16933588","16705799","16662830","17315602","17681582","17893820","18561716","18892714","19633100","19073708","19668560","20463968","20335742","20881952","21377152","21527916","21687508","21988312","21535088","21888120","22163020","21430990","20722654","19374434","18151820","17243252","16275708","15214810","14663400","13610388","13495233","13800000","13400000","13100000","12900000","12800000","13300000","13700000","14200000","14700000","",
"Low income","LIC","Children out of school, primary, female","SE.PRM.UNER.FE","","","","","","","","","","","","","11722083","11789251","11931247","11799273","11688605","11542637","11522699","11571996","11435701","11407371","11919273","12009700","12320731","12722483","12970815","13620079","13914858","14481232","15195627","15248812","15999850","16619346","16819244","16944712","17394298","17020320","17361404","17647176","17330780","16898894","15770749","14878638","14128305","13436954","12454148","11944159","10959031","10789712","11100000","10700000","10500000","10500000","10300000","10700000","10900000","11200000","11600000","",
"Liechtenstein","LIE","Children out of school, primary, female","SE.PRM.UNER.FE","","","","","","","","","","","","","","","","","","","","","","","","","","","","","","","","","","","","","","","","","","","","","","","","","","","","","","","17","","","","","",
"Sri Lanka","LKA","Children out of school, primary, female","SE.PRM.UNER.FE","","","","","","","","","","","","","","","","","","","","","","","","","","","","","","","","","","","","","","","","","","","","2259","","22451","28912","33159","41589","62725","51271","52086","50130","39053","30287","","","","","",
"Lower middle income","LMC","Children out of school, primary, female","SE.PRM.UNER.FE","","","","","","","","","","","39062564","40247936","39946932","38751932","39767588","38889040","38761024","37728868","39267468","39186232","38480844","37385640","36179300","35696808","35457080","36308152","36417408","38082936","37250448","36289112","38202388","38087700","38032664","36730248","35450224","36315368","36243376","36227128","36415744","34979860","32505640","31313746","31098348","24947908","22958286","21340072","20531556","17927640","17487172","17502300","17100000","16600000","16400000","16100000","16400000","17200000","17000000","17000000","17000000","",
"Low & middle income","LMY","Children out of school, primary, female","SE.PRM.UNER.FE","","","","","","","","","","","73448456","76170776","75634920","70668440","69966816","67719792","67641232","70237064","76319216","76876808","75157192","72652104","71846848","71060808","69819024","67003472","63800228","62958136","61258996","59511664","60935420","60526048","61633552","61634368","61893852","64206956","65479584","65610512","63506272","59251736","55900432","53599896","51424584","43663448","40907616","38100760","37124128","33285404","31417664","31132792","31300000","30500000","30100000","29700000","29700000","30800000","30900000","31200000","31700000","",
"Lesotho","LSO","Children out of school, primary, female","SE.PRM.UNER.FE","","","","","","","","","","","28506","","34049","35234","26686","","27861","27673","38301","37903","39971","42171","38255","40949","41195","39532","42211","41995","42593","45830","49137","48402","49637","55253","54977","59220","58189","","73738","80023","42140","38186","33089","27460","26719","22969","18968","22061","18909","17451","15100","15380","14832","12897","12767","10829","7097","3109","","",
"Late-demographic dividend","LTE","Children out of school, primary, female","SE.PRM.UNER.FE","","","","","","","","","","","","","","","","","","","","","","","","","","","12147530","8842187","7737667","6803579","6139954","6207724","6469348","6941439","7889097","8949336","9757822","10506408","7822581","5044992","4601947","4293088","4015707","3397312","3411535","2896776","3701462","2889399","2350973","2264028","2392965","2372869","2247520","2101552","2065991","2020164","1933269","1898994","1909085","",
"Lithuania","LTU","Children out of school, primary, female","SE.PRM.UNER.FE","","","","","","","","","","","","","","","","","","","","","","","","","","","","","","","","","","","","","","","4175","","","","","155","","","","","","","","","","","","","","","","",
"Luxembourg","LUX","Children out of school, primary, female","SE.PRM.UNER.FE","","","","","","","","","","","","","1260","1393","1143","1280","1315","1276","1330","","","2823","1931","2095","2172","","2110","2477","1683","","","","","","","","","","","149","281","373","356","643","529","225","130","127","241","","611","671","571","516","495","175","","","","",
"Latvia","LVA","Children out of school, primary, female","SE.PRM.UNER.FE","","","","","","","","","","","","","","","","","","","","","","","","","","","","","","","","","","","","","","","","","","","","","","","","","","449","429","391","712","893","945","982","814","667","","",
"Macao SAR, China","MAC","Children out of school, primary, female","SE.PRM.UNER.FE","","","","","","","","","","","","","","","","","","","","","","","","","","","","","","","1315","","2618","","","","","","","2077","2322","2838","2794","2670","2579","2416","2225","1970","1900","1906","1814","1614","1430","1229","828","538","255","309","456","",
"St. Martin (French part)","MAF","Children out of school, primary, female","SE.PRM.UNER.FE","","","","","","","","","","","","","","","","","","","","","","","","","","","","","","","","","","","","","","","","","","","","","","","","","","","","","","","","","","","","",
"Morocco","MAR","Children out of school, primary, female","SE.PRM.UNER.FE","","","","","","","","","","","","","","","","887338","857051","834895","808572","788090","763826","734521","728964","704985","686360","711003","743930","778112","810853","851104","852260","1033568","1037874","1010199","960436","900367","842301","795075","765224","579272","489457","418155","342534","302788","298839","274579","242617","206496","190771","192446","131216","109009","118850","93749","104023","","81149","46615","","",
"Monaco","MCO","Children out of school, primary, female","SE.PRM.UNER.FE","","","","","","","","","","","","","","","","","","","","","","","","","","","","","","","","","","","","","","","","","","","","","","","","","","","","","","","","","","","","",
"Moldova","MDA","Children out of school, primary, female","SE.PRM.UNER.FE","","","","","","","","","","","","","","","","","","","","","","","","","","","","","","","","","","","","","","","","","9634","6466","4693","1616","1775","4576","6508","7452","6882","6847","6288","6093","5851","5680","5779","6429","6455","6925","6601","",
"Madagascar","MDG","Children out of school, primary, female","SE.PRM.UNER.FE","","","","","","","","","","","","","208068","","","","","","","","","","","","","","","","","279051","293512","","","","","392373","408512","","","365765","358081","356457","363907","263263","","","","","","","","","","","","","","","","",
"Maldives","MDV","Children out of school, primary, female","SE.PRM.UNER.FE","","","","","","","","","","","","","","","","","","","","","","","","","","","","","","","","","","","","","","1363","","731","475","","30","","","","","","","","","","","","","","418","710","","",
"Middle East & North Africa","MEA","Children out of school, primary, female","SE.PRM.UNER.FE","","","","","","","","","","","5792671","5975991","5617965","5582917","5617375","5335256","5137073","5027969","4965545","5247698","4923819","5108651","4975857","4958034","4870223","4884842","4814053","4755586","4689498","4807540","4413938","4370707","5076965","5055434","4649053","5021585","4471460","4504918","4469132","4227793","3888721","3371207","2862773","2602116","2412062","2384286","2328479","2064428","1735799","1591361","1304834","1257212","1094522","1308410","","","","","","",
"Mexico","MEX","Children out of school, primary, female","SE.PRM.UNER.FE","","","","","","","","","","","","876504","","","","","","","","","","","","","","","","","","","","","","","","","","280750","238331","","","","","","","","","","","","","","","","","","","","","",
"Marshall Islands","MHL","Children out of school, primary, female","SE.PRM.UNER.FE","","","","","","","","","","","","","","","","","","","","","","","","","","","","","","","","","","","","","","","","","","","","","","","","","","","","324","","","","1115","1036","","","",
"Middle income","MIC","Children out of school, primary, female","SE.PRM.UNER.FE","","","","","","","","","","","62182140","64705352","63912836","58879188","58035568","55920520","55952624","58694424","64796520","65304808","63721496","61244728","59927576","59051108","57498296","54280988","50829416","49338056","47344136","45030432","45739792","45277236","45633700","45015020","45074608","47262244","48085288","48590192","46144872","41604560","38569652","36701000","35653840","28784808","26779314","24663806","24669978","21341244","20458632","20343080","20200000","19800000","19600000","19200000","19400000","20100000","20000000","20000000","20100000","",
"North Macedonia","MKD","Children out of school, primary, female","SE.PRM.UNER.FE","","","","","","","","","","","","","","","","","","","","","","","","","","","","","","","","","","","","","","","6434","6531","2027","2695","2924","3835","3671","3690","4702","4363","5749","4862","2744","","5468","5712","5005","2927","","","","",
"Mali","MLI","Children out of school, primary, female","SE.PRM.UNER.FE","","","","","","","","","","","","374392","","","","","","","","","","","","","","","","","","","","","","","","","","","","531695","","","504973","521502","516231","502458","498932","489999","","445219","444728","444190","485689","","563751","624734","632084","566837","711827","",
"Malta","MLT","Children out of school, primary, female","SE.PRM.UNER.FE","","","","","","","","","","","","3282","3533","3587","3211","2676","1885","1004","659","497","912","1244","1031","1536","1268","691","651","847","795","678","603","695","801","785","949","862","386","141","","","","","","","","","","","","","","","","","","","","","","",
"Myanmar","MMR","Children out of school, primary, female","SE.PRM.UNER.FE","","","","","","","","","","","","819031","","742266","908979","","","","870687","","","","","","","","","","","","","","","","","","","","","","280210","249973","287858","242725","280749","281539","303115","141530","271761","309155","300852","","","","","","","","","",
"Middle East & North Africa (excluding high income)","MNA","Children out of school, primary, female","SE.PRM.UNER.FE","","","","","","","","","","","5386149","5551446","5182761","5132708","5148098","4849236","4633767","4508025","4425329","4678320","4340791","4505389","4358602","4327295","4231365","4237363","4166608","4097212","4020577","4124879","3719584","3649961","4352690","4347347","3961858","4363337","3850149","3917079","3923714","3719846","3408646","2922565","2447549","2217942","2067713","2075657","2072241","1869137","1588819","1439207","1243836","1198818","1079810","1264584","","","","","","",
"Montenegro","MNE","Children out of school, primary, female","SE.PRM.UNER.FE","","","","","","","","","","","","","","","","","","","","","","","","","","","","","","","","","","","","","","","","","","","","302","","196","181","503","531","","","","237","","","713","1180","507","","",
"Mongolia","MNG","Children out of school, primary, female","SE.PRM.UNER.FE","","","","","","","","","","","","","","","","","","","","","","","","","","","","","","","","","","","","16426","13844","17342","12692","10848","7834","5545","6812","15079","7656","8772","2248","805","","","","","1748","5395","5446","4024","","","","",
"Northern Mariana Islands","MNP","Children out of school, primary, female","SE.PRM.UNER.FE","","","","","","","","","","","","","","","","","","","","","","","","","","","","","","","","","","","","","","","","","","","","","","","","","","","","","","","","","","","","",
"Mozambique","MOZ","Children out of school, primary, female","SE.PRM.UNER.FE","","","","","","","","","","","","","","502342","","","","","","407307","","436383","450772","370784","","362163","376175","501959","","558603","","590638","618971","648504","655153","645093","","","904565","864927","820531","765855","840950","","649157","565905","501632","412209","350538","328009","309634","366644","370938","351530","336489","305669","313674","335103","219096","",
"Mauritania","MRT","Children out of school, primary, female","SE.PRM.UNER.FE","","","","","","","","","","","","","","","","","","","","","","","","","","","","","","","","","","","106037","97440","91507","","84898","85886","86316","80374","80232","73532","57435","60700","56098","54204","63333","67539","67901","66863","70409","66444","61871","","75256","61573","60060","",
"Mauritius","MUS","Children out of school, primary, female","SE.PRM.UNER.FE","","","","","","","","","","","","","16974","16423","15710","14638","14305","11905","13408","15285","14806","12073","7979","5781","3358","","842","","","","1332","3993","","3883","3424","2872","1710","1207","","","","","","","692","81","","","","113","","","1789","491","","","","","","",
"Malawi","MWI","Children out of school, primary, female","SE.PRM.UNER.FE","","","","","","","","","","","","","","","","","","","","","","","","","","","","","","","","","","","","","","","","","","","","","","","","26603","","","","","","","","","","","","",
"Malaysia","MYS","Children out of school, primary, female","SE.PRM.UNER.FE","","","","","","","","","","","158131","153783","146328","","","","","","","","","","","","","","","","","","","","","","34368","","","","65224","55164","22149","32291","51873","44547","8637","4462","50760","62555","75684","42115","56973","37066","16774","","2807","","","","","",
"North America","NAC","Children out of school, primary, female","SE.PRM.UNER.FE","","","","","","","","","","","","","","","","","","","","","","","","","","746698","597302","418630","320628","230868","128055","137849","248273","386338","428342","364377","471187","398679","324129","245729","293194","143850","328917","268990","219940","70138","24488","34057","81498","138025","293033","390908","366611","333932","213026","236739","52689","31736","66019","",
"Namibia","NAM","Children out of school, primary, female","SE.PRM.UNER.FE","","","","","","","","","","","","","","","","","","","","","","","","","","","","","","","","","","","","","","","","","","","","","","","","","","","","","","","","","","","","",
"New Caledonia","NCL","Children out of school, primary, female","SE.PRM.UNER.FE","","","","","","","","","","","","","","","","","","","","","","","","","","","","","","","","","","","","","","","","","","","","","","","","","","","","","","","","","","","","",
"Niger","NER","Children out of school, primary, female","SE.PRM.UNER.FE","","","","","","","","","","","","","","363673","372911","","","","","","","","","","","","465705","","","518597","534489","546566","574537","","","","","644701","660532","670081","687293","685094","685536","682634","683994","709544","724546","741066","727953","713837","693060","657520","657312","687960","711780","718427","728586","701725","","",
"Nigeria","NGA","Children out of school, primary, female","SE.PRM.UNER.FE","","","","","","","","","","","","","","","","","","","","","","","","","","","","","","","","","","","","","","","","3985312","3789342","","","","3864750","3896022","3878533","4075093","4874836","4871064","4969385","","","","","","","","","",
"Nicaragua","NIC","Children out of school, primary, female","SE.PRM.UNER.FE","","","","","","","","","","","","94734","","97936","","","","","","","93979","","104939","106555","115886","102052","108826","107028","108256","118093","114555","109061","96669","95566","92943","99192","","","","65210","53066","38484","12688","","","","5408","5961","3218","","8956","","","","","","","","","",
"Netherlands","NLD","Children out of school, primary, female","SE.PRM.UNER.FE","","","","","","","","","","","","43899","49457","53432","59471","60336","52773","48884","44418","38872","36800","39038","50200","60032","65543","66310","35382","23855","14685","11156","11434","15368","22923","24179","6494","5191","4795","3353","","","","","","","","","","","","","","","","","","","","2934","","",
"Norway","NOR","Children out of school, primary, female","SE.PRM.UNER.FE","","","","","","","","","","","","","","","","","19","","1381","1809","","2707","3087","","4325","6111","6055","4509","3787","2072","325","","444","1739","2345","2871","2685","29921","","","","","","229","1186","2839","2269","1794","996","1204","1343","793","","","250","","","","","",
"Nepal","NPL","Children out of school, primary, female","SE.PRM.UNER.FE","","","","","","","","","","","","","","","","","","","","","","","","661666","660402","","","","663539","","","","","","","","","","","653202","556681","","","434279","427047","","","","","","","","","","","","","","","",
"Nauru","NRU","Children out of school, primary, female","SE.PRM.UNER.FE","","","","","","","","","","","","","","","","","","","","","","","","","","","","","","","","","","","","","","","","","","","","","","","","","","","","","101","","","","","","","",
"New Zealand","NZL","Children out of school, primary, female","SE.PRM.UNER.FE","","","","","","","","","","","","","","979","1553","","","","","","","","","3272","","","","","","","","1780","4065","","4556","2263","1893","","","","","","","","","","","","","","","","","2129","3204","2730","1055","","","",
"OECD members","OED","Children out of school, primary, female","SE.PRM.UNER.FE","","","","","","","","","","","","","5580947","5316229","5301368","5225729","4898002","4584122","4465982","4040349","3118509","3025591","2652830","2749113","2650276","2638859","2294479","1948486","1730387","1767830","1620397","1682090","1833365","2002701","2149588","2100145","2141026","2268561","1543892","1139555","1150691","984705","1211204","1143992","1062026","787432","703123","595194","603788","711874","812700","922243","933791","855855","728336","692926","537372","510292","703321","",
"Oman","OMN","Children out of school, primary, female","SE.PRM.UNER.FE","","","","","","","","","","","","","","61649","60922","59568","60189","","60453","60111","","60453","60622","59272","56021","54510","47407","49023","51897","52663","52411","51522","50543","44715","42414","40803","37534","34875","30171","27392","25815","23578","25209","28907","","","","","","","","457","","","","","","","","",
"Other small states","OSS","Children out of school, primary, female","SE.PRM.UNER.FE","","","","","","","","","","","291133","303502","301269","295055","281650","263385","252486","250202","262491","268573","266834","260530","254400","257516","254518","250210","263809","273675","287019","305658","331645","341116","357806","364702","354743","363917","360763","361857","360194","363622","324796","303928","292916","281893","279714","270815","254362","250471","247546","243290","233291","223419","218560","221183","221076","219136","218597","210417","219567","",
"Pakistan","PAK","Children out of school, primary, female","SE.PRM.UNER.FE","","","","","","","","","","","","","","","","","","","","","","","","","","","","","","","","","","","","","","","","","","","5501043","5283148","4636836","4272711","4805229","4300634","4282880","4214421","4192333","4477849","4509422","4085766","3792146","4250097","3846378","3848329","3664652","",
"Panama","PAN","Children out of school, primary, female","SE.PRM.UNER.FE","","","","","","","","","","","31981","22241","19471","17289","","16000","16295","","13988","16057","18436","20786","22638","24944","25730","24743","25722","24064","25195","22510","22451","","","","","","","","","11736","9051","6590","3143","","","3518","2028","","4641","9424","8101","9111","10680","14035","18504","22074","","29381","","",
"Peru","PER","Children out of school, primary, female","SE.PRM.UNER.FE","","","","","","","","","","","317992","","","","","","","","","","","198126","","","","","","","","","","","","173556","","268782","","","52243","24811","8201","","","26451","","","","","","12125","","3222","","","","","","","","",
"Philippines","PHL","Children out of school, primary, female","SE.PRM.UNER.FE","","","","","","","","","","","","","","","","","","","","","","272987","217303","288537","461472","","253420","285502","139068","75438","837553","","","","","","","","537932","599451","","485010","438620","506315","541375","512630","612099","601184","524589","397173","","","","","107444","148709","197113","215049","","",
"Palau","PLW","Children out of school, primary, female","SE.PRM.UNER.FE","","","","","","","","","","","","","","","","","","","","","","","","","","","","","","","","","","","","","","","","","","","","","","","","","","","","","","","","","","","","",
"Papua New Guinea","PNG","Children out of school, primary, female","SE.PRM.UNER.FE","","","","","","","","","","","","","","","","","","","","","","","","","","","","","","167914","","","","","","","","","","","","","","","","","","","","","","","","","","","58959","","","",
"Poland","POL","Children out of school, primary, female","SE.PRM.UNER.FE","","","","","","","","","","","","","","","","","","","","","","","","","","","","","","","","","","","","","","","","46677","50950","52008","64237","75048","84213","89296","84687","79975","71954","63332","55421","53587","44022","37198","38026","","","28629","","",
"Pre-demographic dividend","PRE","Children out of school, primary, female","SE.PRM.UNER.FE","","","","","","","","","","","","","","14768790","14735343","14634651","14638149","14217610","13676886","12938990","12774768","12661417","12869649","13063584","13499313","14265121","15170425","16172721","16822384","17802932","18328552","18376880","19162728","19393200","19861364","20388840","21813984","21054848","21252600","21218412","20937474","20412924","19598060","18224360","17678292","17566036","17014002","16969748","16780956","16837276","17600000","17300000","17200000","17600000","17500000","18100000","18400000","19000000","19300000","",
"Puerto Rico","PRI","Children out of school, primary, female","SE.PRM.UNER.FE","","","","","","","","","","","","","","","","","","","","","","","","","","","","","","","","","","","","","","","","","","","","","","","","","","","10539","15067","13375","15636","15897","18949","25882","","","",
"Korea, Dem. People’s Rep.","PRK","Children out of school, primary, female","SE.PRM.UNER.FE","","","","","","","","","","","","","","","","","","","","","","","","","","","","","","","","","","","","","","","","","","","","","","","","","","16650","","","","","","35719","","","","",
"Portugal","PRT","Children out of school, primary, female","SE.PRM.UNER.FE","","","","","","","","","","","","","","59376","60147","","38135","33615","21410","","23562","20656","","","","","","","","","","4113","","","7063","","","","","","","","","","","","","","","","","","","","2343","4830","6625","3478","","",
"Paraguay","PRY","Children out of school, primary, female","SE.PRM.UNER.FE","","","","","","","","","","","45044","","66661","","","50942","49740","47968","44287","41434","36388","31614","","31917","33485","34553","38778","37687","34342","29076","25110","19178","49377","16609","31733","","20886","","","7123","966","2121","9393","11815","13595","11826","18432","26537","33859","38768","39526","39531","41864","","","","","","","",
"West Bank and Gaza","PSE","Children out of school, primary, female","SE.PRM.UNER.FE","","","","","","","","","","","","","","","","","","","","","","","","","","","","","","","","","","","","","","","","16699","16596","20577","21486","22906","25257","31182","31909","33197","28219","24469","22579","19138","12333","9454","8308","8422","8057","6068","6032","",
"Pacific island small states","PSS","Children out of school, primary, female","SE.PRM.UNER.FE","","","","","","","","","","","","","","","","","","","","","","","","","","","","","","","","17037","16280","13788","13076","12614","17361","13465","14169","18311","17702","13448","11404","10659","10846","10310","9500","10358","10673","11290","10990","11885","13710","2912","3486","4833","17140","","","",
"Post-demographic dividend","PST","Children out of school, primary, female","SE.PRM.UNER.FE","","","","","","","","","","","","","","","","4266826","3919111","3651647","3453790","3311443","2489186","2510641","2277345","2439145","2545995","2494538","2175822","1812232","1565763","1417841","1463506","1382883","1548773","1572838","1593229","1474594","1495065","1358163","1034769","872268","915106","723338","894830","898306","867414","614276","568461","518364","530725","562997","666013","710248","687430","647831","577027","550642","386681","396518","524146","",
"French Polynesia","PYF","Children out of school, primary, female","SE.PRM.UNER.FE","","","","","","","","","","","","","","","","","","","","","","","","","","","","","","","","","","","","","","","","","","","","","","","","","","","","","","","","","","","","",
"Qatar","QAT","Children out of school, primary, female","SE.PRM.UNER.FE","","","","","","","","","","","","1707","1165","1088","1278","","859","1113","771","737","","878","","1261","1153","1312","840","2174","2494","3009","3831","5073","6109","6210","4914","","","","","","547","","","","","","648","","","","","","","2116","2590","1832","1940","1613","309","",
"Romania","ROU","Children out of school, primary, female","SE.PRM.UNER.FE","","","","","","","","","","","","","","","","","","","","","","","","","","","","","","","","","","163167","110487","79528","71726","72212","45107","60625","56349","50418","31444","12183","","2429","10023","9591","10876","10281","11683","13590","18009","","","41212","51610","","","",
"Russian Federation","RUS","Children out of school, primary, female","SE.PRM.UNER.FE","","","","","","","","","","","","","","","","","","","","","","","","","","","","","","","","","","","110024","231932","","","","","","","","","","","170175","147644","45598","6665","","","","","58883","26164","6234","","","",
"Rwanda","RWA","Children out of school, primary, female","SE.PRM.UNER.FE","","","","","","","","","","","","","","170137","180389","189613","","183100","178776","","","","","","","","","","","","","","","","","","","","","87107","","","120105","91614","","","","","","","","","","","","","1351","20487","38344","",
"South Asia","SAS","Children out of school, primary, female","SE.PRM.UNER.FE","","","","","","","","","","","25639592","26690320","26461260","24947916","25663364","25232770","25429484","24954180","27300508","27838312","27622266","27149040","27738668","27277174","26664032","27207288","26431212","28151958","26863068","25361508","25905728","26095538","25892668","24701566","23654910","23586600","23429300","23506012","24419064","23683324","21887704","21529262","20641248","14487874","12405909","10816387","9929340","8234539","7511783","7788932","7444375","7696461","7408323","6677129","6552180","7055872","6854089","6922004","6820773","",
"Saudi Arabia","SAU","Children out of school, primary, female","SE.PRM.UNER.FE","","","","","","","","","","","","","","","","","","","","467507","","","","","","","","","","","","","","","","","","","","","","","","","","","","","","137202","46867","45039","","","","","","","","",
"Sudan","SDN","Children out of school, primary, female","SE.PRM.UNER.FE","","","","","","","","","","","","","","","","","","","","","","","","","","","","","","","","","","","","","","","","","","","","","","","","","","","","1265226","1256427","1246702","1237439","1246776","1175863","1226657","","",
"Senegal","SEN","Children out of school, primary, female","SE.PRM.UNER.FE","","","","","","","","","","","","","","","","","","","315530","318073","324816","330707","336247","340861","349393","357386","335499","","352591","","382201","","409666","","","","410228","383502","365981","382382","355841","","","310851","328403","322162","295466","273781","263913","262104","252742","247440","217729","234981","232127","238090","270603","236447","","",
"Singapore","SGP","Children out of school, primary, female","SE.PRM.UNER.FE","","","","","","","","","","","","","","","","","","","","","","","","","","","","","","","","","","","","","","","","","","","","","","","","","","","","","","","","","","","","",
"Solomon Islands","SLB","Children out of school, primary, female","SE.PRM.UNER.FE","","","","","","","","","","","","","","","","","","","","","","","","","","","","","","","","","","","","","","","","","","","","","","9317","7459","7712","","","","","","","","","","","1982","",
"Sierra Leone","SLE","Children out of school, primary, female","SE.PRM.UNER.FE","","","","","","","","","","","","","","","","","","","","","","","","210865","","","","","","","","","","","","","","","","","","","","","","","","","","","","","23588","","","9053","","","","",
"El Salvador","SLV","Children out of school, primary, female","SE.PRM.UNER.FE","","","","","","","","","","","110265","","","","","","","","","","","","","97629","","","","","","","","","","","","","","","37827","","30470","27250","19668","18491","","","","","","","","","","","23765","30766","34932","49111","","",
"San Marino","SMR","Children out of school, primary, female","SE.PRM.UNER.FE","","","","","","","","","","","","","","","","","","","","","","","","","","","29","72","96","96","90","76","35","26","29","","68","61","","","88","","","","","","","","","","","","","","","","","","","",
"Somalia","SOM","Children out of school, primary, female","SE.PRM.UNER.FE","","","","","","","","","","","","","","","","","263328","296823","343562","385127","426485","","","","","","","","","","","","","","","","","","","","","","","","","","","","","","","","","","","","","","","",
"Serbia","SRB","Children out of school, primary, female","SE.PRM.UNER.FE","","","","","","","","","","","","","","","","","","","","","","","","","","","","","","","","","","","","","","","","","","","","","","","165","1692","2256","5510","7666","3434","4830","4381","1283","934","1026","1250","1625","",
"Sub-Saharan Africa (excluding high income)","SSA","Children out of school, primary, female","SE.PRM.UNER.FE","","","","","","","","","","","","","","","","17067592","17183930","16865544","16554141","16043853","15744345","15454545","15365637","15684608","16352419","17295418","18406494","19513558","20379016","20865932","21714724","21797540","22516200","22902848","23369992","23884600","25112998","24228700","24256508","24096002","23388980","22662734","22254588","21163056","20464956","19561572","18708148","18026804","17561368","17552536","18500000","17800000","17600000","17600000","17600000","18200000","18500000","19000000","19300000","",
"South Sudan","SSD","Children out of school, primary, female","SE.PRM.UNER.FE","","","","","","","","","","","","","","","","","","","","","","","","","","","","","","","","","","","","","","","","","","","","","","","","","","","","501309","","","","580070","","","","",
"Sub-Saharan Africa","SSF","Children out of school, primary, female","SE.PRM.UNER.FE","","","","","","","","","","","","","","","","17068056","17184520","16866152","16554747","16044546","15745183","15455301","15366329","15685299","16353153","17296064","18407068","19514266","20379836","20866758","21715482","21798202","22516860","22903456","23370376","23884920","25113316","24228904","24256530","24096024","23389052","22663120","22254656","21163088","20464990","19561608","18708284","18026930","17561504","17552676","18500000","17800000","17600000","17600000","17600000","18200000","18500000","19000000","19300000","",
"Small states","SST","Children out of school, primary, female","SE.PRM.UNER.FE","","","","","","","","","","","331411","341986","337191","331554","316069","304849","298371","286849","298858","306904","311918","304921","296176","297029","294910","292523","306042","311205","324757","336817","370321","389365","406934","415612","403499","409983","410497","406552","401503","407507","366863","344156","335700","324458","316807","308983","292696","288412","283124","282321","269712","258634","255942","249858","249757","245019","263088","258457","258459","",
"Sao Tome and Principe","STP","Children out of school, primary, female","SE.PRM.UNER.FE","","","","","","","","","","","","","","","","","","","","","","","","359","378","","","","787","","798","","","","","","","","","2453","","","795","545","347","356","","1245","1186","967","1182","","","1774","1832","2024","","1037","","",
"Suriname","SUR","Children out of school, primary, female","SE.PRM.UNER.FE","","","","","","","","","","","","","","","","","","1995","1653","","","","","","","","","","","","","","","","","","","","","","","","","","","5112","4406","5028","2948","1770","2371","2856","2787","2967","2886","2589","2197","3560","3640","",
"Slovak Republic","SVK","Children out of school, primary, female","SE.PRM.UNER.FE","","","","","","","","","","","","","","","","","","","","","","","","","","","","","","","","","","","","","","","","","","5263","8839","10876","10977","8970","5777","2861","2704","3929","5287","5932","4674","4430","5532","6683","7296","6061","","",
"Slovenia","SVN","Children out of school, primary, female","SE.PRM.UNER.FE","","","","","","","","","","","","","","","","","","","","","","","","","","","","","","","","","","","","3683","2687","2370","980","1538","1328","1567","1139","753","20","","","430","382","365","324","26","","144","207","","","","","",
"Sweden","SWE","Children out of school, primary, female","SE.PRM.UNER.FE","","","","","","","","","","","","","","","","","","","","","","","12216","","","","","5803","4623","3558","1294","459","","","","","","","","","","","","3801","11246","15564","15701","11390","4867","","","","","","","","","","","",
"Eswatini","SWZ","Children out of school, primary, female","SE.PRM.UNER.FE","","","","","","","","","","","17933","18538","18222","17451","17295","16536","16698","16874","17402","17707","","16857","18284","19578","20607","20156","21660","21719","23201","24115","23257","23890","23331","24027","21768","18985","19710","","","","","","","","","","","","","17710","12301","9550","12968","15980","15245","16453","16596","17972","","",
"Sint Maarten (Dutch part)","SXM","Children out of school, primary, female","SE.PRM.UNER.FE","","","","","","","","","","","","","","","","","","","","","","","","","","","","","","","","","","","","","","","","","","","","","","","","","","","","","","","","","","","","",
"Seychelles","SYC","Children out of school, primary, female","SE.PRM.UNER.FE","","","","","","","","","","","","","","","","","","","","693","","","","","","","","","","","","","","610","386","321","319","","","","","386","69","","","","","","","","","","","","","","","","","",
"Syrian Arab Republic","SYR","Children out of school, primary, female","SE.PRM.UNER.FE","","","","","","","","","","","","256440","","212232","","","","","208129","209180","195009","193263","186624","183345","166455","150987","133203","97206","99830","96257","103444","","","","","","90950","99500","84274","","","","","","","","","","","","","","","263550","","","","","","",
"Turks and Caicos Islands","TCA","Children out of school, primary, female","SE.PRM.UNER.FE","","","","","","","","","","","","","","","","","","","","","","","","","","","","","","","","","","","","","","","","","","","","","","","","","","","","","","","","","","","","",
"Chad","TCD","Children out of school, primary, female","SE.PRM.UNER.FE","","","","","","","","","","","","","","","","270973","","281476","","","","","","","","","","","365915","","","","","","","","","439118","425839","424272","423774","427058","422585","426305","","","","","","","","497469","","378487","","379252","453380","","","",
"East Asia & Pacific (IDA & IBRD countries)","TEA","Children out of school, primary, female","SE.PRM.UNER.FE","","","","","","","","","","","","","","","","","","","","","","","","","","","11543517","7966499","6788120","5668678","6271447","5838187","5840959","6468108","7412895","8721878","9597022","10412320","8159875","5572348","5177027","4528239","4230355","4148983","4289064","4323540","4781657","3706195","3627307","3280147","3047598","2635227","2881247","2903956","2874586","2972196","3010095","2902942","2980655","",
"Europe & Central Asia (IDA & IBRD countries)","TEC","Children out of school, primary, female","SE.PRM.UNER.FE","","","","","","","","","","","","","","","","","","","","","","","","","","","","","","","","","","1052100","1112308","1222595","1189337","1249746","1136909","1028269","1040620","915919","771754","581007","570821","678697","691635","636481","535253","564848","482608","462451","467925","422954","460059","414649","419256","411395","456307","",
"Togo","TGO","Children out of school, primary, female","SE.PRM.UNER.FE","","","","","","","","","","","","116592","117092","","","","","","98203","96531","97431","","108770","114060","137172","146611","161705","148056","150706","154683","153314","147785","","","169050","142113","120570","128136","","","","77154","","72306","","64348","","71824","66825","","","","","","62871","","66095","63145","","",
"Thailand","THA","Children out of school, primary, female","SE.PRM.UNER.FE","","","","","","","","","","","","","","1016561","1017622","","","","","","","","","","","","","","","","","","","","","","","","","","","","","","","","53668","63610","74832","52066","","","","","","","","","","",
"Tajikistan","TJK","Children out of school, primary, female","SE.PRM.UNER.FE","","","","","","","","","","","","","","","","","","","","","","","","","","","","","","","","","","","","","","","","","27487","30567","20435","","","","","","","","","","","","6083","8466","8863","","","",
"Turkmenistan","TKM","Children out of school, primary, female","SE.PRM.UNER.FE","","","","","","","","","","","","","","","","","","","","","","","","","","","","","","","","","","","","","","","","","","","","","","","","","","","","","","","","","","","","",
"Latin America & the Caribbean (IDA & IBRD countries)","TLA","Children out of school, primary, female","SE.PRM.UNER.FE","","","","","","","","","","","3350998","3374492","3341512","3245684","3176706","3203734","3098667","2925920","2837689","2488606","2405054","2130668","2115937","2146206","2232041","2142799","2252282","2267057","2375907","2608042","2486120","2414163","2332175","2337164","2576309","2650787","2524102","2763100","1749309","1280477","1134500","1183993","1238838","1239160","1239905","770935","1051026","893491","666119","599313","706669","757693","742187","799496","872208","841840","832826","789279","977006","",
"Timor-Leste","TLS","Children out of school, primary, female","SE.PRM.UNER.FE","","","","","","","","","","","","","","","","","","","","","","","","","","","","","","","","","","","","","","","","","","","","","","","","","15283","10579","10261","7912","9018","7684","5761","3998","3831","1511","2639","",
"Middle East & North Africa (IDA & IBRD countries)","TMN","Children out of school, primary, female","SE.PRM.UNER.FE","","","","","","","","","","","5376841","5541948","5172912","5122432","5137389","4838144","4622354","4496301","4413350","4666124","4328380","4492739","4345654","4313974","4217607","4223137","4151927","4082060","4004986","4108872","3703140","3633007","4335092","4328991","3942620","4343103","3830889","3899635","3906084","3703147","3392050","2901988","2426063","2195036","2042456","2044475","2040332","1835940","1560600","1414738","1221257","1179680","1067477","1255130","","","","","","",
"Tonga","TON","Children out of school, primary, female","SE.PRM.UNER.FE","","","","","","","","","","","963","1007","487","","901","216","","","","","","","","477","","130","242","","","","507","","","480","","","","","480","796","","","","","","","","","","","","","","","","","","","","",
"South Asia (IDA & IBRD)","TSA","Children out of school, primary, female","SE.PRM.UNER.FE","","","","","","","","","","","25639592","26690320","26461260","24947916","25663364","25232770","25429484","24954180","27300508","27838312","27622266","27149040","27738668","27277174","26664032","27207288","26431212","28151958","26863068","25361508","25905728","26095538","25892668","24701566","23654910","23586600","23429300","23506012","24419064","23683324","21887704","21529262","20641248","14487874","12405909","10816387","9929340","8234539","7511783","7788932","7444375","7696461","7408323","6677129","6552180","7055872","6854089","6922004","6820773","",
"Sub-Saharan Africa (IDA & IBRD countries)","TSS","Children out of school, primary, female","SE.PRM.UNER.FE","","","","","","","","","","","","","","","","17068056","17184520","16866152","16554747","16044546","15745183","15455301","15366329","15685299","16353153","17296064","18407068","19514266","20379836","20866758","21715482","21798202","22516860","22903456","23370376","23884920","25113316","24228904","24256530","24096024","23389052","22663120","22254656","21163088","20464990","19561608","18708284","18026930","17561504","17552676","18500000","17800000","17600000","17600000","17600000","18200000","18500000","19000000","19300000","",
"Trinidad and Tobago","TTO","Children out of school, primary, female","SE.PRM.UNER.FE","","","","","","","","","","","","6404","7263","7846","7855","6664","3219","3119","4269","7949","10761","6185","5769","4974","6241","5960","7537","6198","5493","7219","7926","10352","11003","11745","","","10621","10082","","1382","373","764","3267","2872","726","2577","","","1359","1967","953","","","","","","","","","",
"Tunisia","TUN","Children out of school, primary, female","SE.PRM.UNER.FE","","","","","","","","","","","","160672","","","","182510","","","168986","159760","150472","139468","123076","105749","88816","82027","","","","64280","65766","57916","53390","45420","43032","37768","41718","44856","","39167","29961","15005","","","","203","15","6048","4850","1456","","","","","","","","","","",
"Turkey","TUR","Children out of school, primary, female","SE.PRM.UNER.FE","","","","","","","","","","","","","","","578710","","","","","","","","","","","","","","","","","","","","359628","374468","","370251","","288190","","","","","","","122009","93807","110241","177226","143203","172925","216743","183138","149901","147831","162135","143085","","",
"Tuvalu","TUV","Children out of school, primary, female","SE.PRM.UNER.FE","","","","","","","","","","","","","","","","","","","","","","","","","","","","","","","","","","","","","","","","","","","","","","","","","","","","","","","71","49","113","","","",
"Tanzania","TZA","Children out of school, primary, female","SE.PRM.UNER.FE","","","","","","","","","","","","","","","","","","","","","","557840","651238","683353","","845664","898538","966179","1037020","1072945","1121887","1177406","1217841","1274942","1343559","1387689","1423038","1445717","1493950","1514563","1438713","1345839","901815","645320","497480","340378","125889","","37470","","262504","","487610","604459","685233","","668354","700780","842001","",
"Uganda","UGA","Children out of school, primary, female","SE.PRM.UNER.FE","","","","","","","","","","","","","","","","","","","","794936","","790539","775202","","","","685141","","","","","","","","","","","","","","","","","","","","","","","133186","253910","147562","","109769","","","","","","",
"Ukraine","UKR","Children out of school, primary, female","SE.PRM.UNER.FE","","","","","","","","","","","","","","","","","","","","","","","","","","","","","","","","","","","","","","","","","","","28972","96736","97407","90792","97335","97569","94918","89472","67621","49263","42650","42421","57849","","","","","",
"Upper middle income","UMC","Children out of school, primary, female","SE.PRM.UNER.FE","","","","","","","","","","","","","","","","","","","","","","","","","","","14412007","11255119","10093688","8741321","7537405","7189535","7601034","8284771","9624385","10946878","11841913","12363060","9729125","6624697","6064012","5387255","4555489","3836901","3821028","3323734","4138424","3413604","2971459","2840780","3095356","3172581","3261494","3093413","3016311","2909491","2981582","3019648","3053312","",
"Uruguay","URY","Children out of school, primary, female","SE.PRM.UNER.FE","","","","","","","","","","","","","","","","","","","","","","","","","22167","","","","","","","11437","8627","7521","10111","10929","11584","11634","","","","","","","","","","2181","706","","","","","","4246","","","","","",
"United States","USA","Children out of school, primary, female","SE.PRM.UNER.FE","","","","","","","","","","","","","","","","","","","","","","","","","","","","","","","","","","","","","","","","","","","","","","","","","","","","","","","205924","231900","52078","30233","","",
"Uzbekistan","UZB","Children out of school, primary, female","SE.PRM.UNER.FE","","","","","","","","","","","","","","","","","","","","","","","","","","","","","","","","","","","","","","","","","","","","","","","","88657","72486","77973","69483","62898","45738","33535","18323","","","","","",
"St. Vincent and the Grenadines","VCT","Children out of school, primary, female","SE.PRM.UNER.FE","","","","","","","","","","","","","","","","","","","","","","","","","631","","283","","","","","","","","","","","","","","","","","","","237","","","","","","","","","","","","","","",
"Venezuela, RB","VEN","Children out of school, primary, female","SE.PRM.UNER.FE","","","","","","","","","","","","","","","","","","","","","","","","","","","","","","","","","","","","","","","","162629","120988","85312","31627","60281","60693","73579","75334","55133","89132","62183","50876","52781","79368","94212","89642","99384","134415","158656","","",
"British Virgin Islands","VGB","Children out of school, primary, female","SE.PRM.UNER.FE","","","","","","","","","","","","","","","","","","","","","","","","69","121","","","","","","","","","","","","","","","14","184","38","","","","69","106","","","","","","78","46","","","","","","",
"Virgin Islands (U.S.)","VIR","Children out of school, primary, female","SE.PRM.UNER.FE","","","","","","","","","","","","","","","","","","","","","","","","","","","","","","","","","","","","","","","","","","","","","","","","","","","","","","","","","","","","",
"Vietnam","VNM","Children out of school, primary, female","SE.PRM.UNER.FE","","","","","","","","","","","","","","","","","","","","","","","","","","","","","","","","","","","","","","","","","","","","","","","","","","","","","","","","","","","","",
"Vanuatu","VUT","Children out of school, primary, female","SE.PRM.UNER.FE","","","","","","","","","","","","","","","","","","","","","","1530","","","","","","","","3021","","","","","","","","","","424","","","","","414","","","","","","","","","","","1503","","","","",
"World","WLD","Children out of school, primary, female","SE.PRM.UNER.FE","","","","","","","","","","","78266968","80986544","80394416","75231648","74578184","72185912","71819952","74198792","80140160","80599136","78076744","75572864","74557480","73960904","72877408","70020592","66527756","65323352","63426728","61552760","63035508","62666348","63959940","63964320","64258012","66442640","67682808","67902464","65096000","60666976","57351840","54873588","52895388","45056700","42181704","39083784","37986588","34008852","32084156","31859172","32100000","31400000","30800000","30400000","30300000","31400000","31300000","31700000","32300000","",
"Samoa","WSM","Children out of school, primary, female","SE.PRM.UNER.FE","","","","","","","","","","","","","","","","","","","","","","","","","","","","","","","","","","","630","","","","62","926","","","","","","","","","","","","","","","","","","","","",
"Kosovo","XKX","Children out of school, primary, female","SE.PRM.UNER.FE","","","","","","","","","","","","","","","","","","","","","","","","","","","","","","","","","","","","","","","","","","","","","","","","","","","","","","","","","","","","",
"Yemen, Rep.","YEM","Children out of school, primary, female","SE.PRM.UNER.FE","","","","","","","","","","","","","","","","","","","","","","","","","","","","","","","","","","","","","","","","904826","","","","710058","658338","598287","","","540698","","467650","","423901","405279","","","431199","","","",
"South Africa","ZAF","Children out of school, primary, female","SE.PRM.UNER.FE","","","","","","","","","","","633294","","","","","","","","","","","","","","","","","","","","","372957","","","354284","333825","","","303972","259943","320974","272002","223655","183488","160915","152855","","","","","","","","","","","","198498","","",
"Zambia","ZMB","Children out of school, primary, female","SE.PRM.UNER.FE","","","","","","","","","","","","","126468","","","","124336","125999","133220","137932","141841","146002","152190","148434","147387","","144140","","164020","","","","","","248342","269834","","","318001","340602","343831","350193","329311","","197832","99654","116164","101879","","133307","177436","133908","113390","162875","","","","214262","","",
"Zimbabwe","ZWE","Children out of school, primary, female","SE.PRM.UNER.FE","","","","","","","","","","","","","","","","","","","","","","","","","","","","","","","","","","","","","","","169110","136620","117297","75204","105373","109702","","","","","","","","","","","","","","","","",
